owner_no,First Order Date,First Contribution Date,postal_code,state_desc,geo_area_desc,OP Prelim Capacity,LTV Tkt Value
2418219,2020-02-11 00:00:00,,56091,Minnesota,7-USA Balance,,847.00
2418727,2020-03-12 00:00:00,,19124,Pennsylvania,1-Philadelphia City (20 mi.),,820.00
2417469,2020-01-07 00:00:00,,19709,Delaware,2-Greater Philadelphia(70 mi.),,820.00
2416844,2020-03-31 00:00:00,2020-03-31 00:00:00,086482583,New Jersey,2-Greater Philadelphia(70 mi.),4,736.00
2417418,2020-01-02 00:00:00,,11747,New York,5-NEC (140 mi. from Philly),,706.00
54327,2020-02-14 00:00:00,,080035132,New Jersey,1-Philadelphia City (20 mi.),,676.00
2417950,2020-01-29 00:00:00,,19348,Pennsylvania,2-Greater Philadelphia(70 mi.),,676.00
2418138,2020-02-04 00:00:00,,972052368,Oregon,7-USA Balance,,675.00
2418525,2020-02-29 00:00:00,,55419,Minnesota,7-USA Balance,,618.00
2417503,2020-01-08 00:00:00,2020-04-01 00:00:00,19810,Delaware,2-Greater Philadelphia(70 mi.),,616.00
2419118,2020-06-15 00:00:00,,19041,Pennsylvania,1-Philadelphia City (20 mi.),,600.00
2418419,2020-02-25 00:00:00,2020-03-24 00:00:00,19103,Pennsylvania,1-Philadelphia City (20 mi.),,598.00
2418669,2020-03-09 00:00:00,2020-04-06 00:00:00,19317,,8-Foreign,,598.00
2418531,2020-02-29 00:00:00,,19348,Pennsylvania,2-Greater Philadelphia(70 mi.),,598.00
2417879,2020-01-27 00:00:00,,19438,Pennsylvania,2-Greater Philadelphia(70 mi.),,598.00
2418658,2020-03-06 00:00:00,,21005,Maryland,2-Greater Philadelphia(70 mi.),,598.00
2417673,2020-01-18 00:00:00,,20906,Maryland,4-DC (20 mi.),,580.00
2418320,2020-02-19 00:00:00,2020-04-09 00:00:00,08043,New Jersey,1-Philadelphia City (20 mi.),,550.00
2418554,2020-03-02 00:00:00,,18249,Pennsylvania,5-NEC (140 mi. from Philly),,550.00
2419196,2020-07-17 00:00:00,,19373,Pennsylvania,1-Philadelphia City (20 mi.),,550.00
592126,2020-01-14 00:00:00,2020-03-24 00:00:00,194262583,Pennsylvania,2-Greater Philadelphia(70 mi.),,540.00
2417644,2020-01-16 00:00:00,,93023,California,7-USA Balance,,540.00
2418489,2020-02-27 00:00:00,,50010,Iowa,7-USA Balance,,532.00
2418132,2020-02-04 00:00:00,,19094,Pennsylvania,1-Philadelphia City (20 mi.),,510.00
2418114,2020-02-02 00:00:00,2020-03-26 00:00:00,19103,Pennsylvania,1-Philadelphia City (20 mi.),,510.00
2414229,2020-01-31 00:00:00,,19106,Pennsylvania,1-Philadelphia City (20 mi.),,510.00
2418073,2020-01-31 00:00:00,2020-01-31 00:00:00,19355,Pennsylvania,2-Greater Philadelphia(70 mi.),,510.00
2418149,2020-02-05 00:00:00,,19087,Pennsylvania,1-Philadelphia City (20 mi.),,507.00
2418478,2020-02-27 00:00:00,,01845,Massachusetts,7-USA Balance,,495.00
2417518,2020-01-10 00:00:00,2020-05-21 00:00:00,08505,New Jersey,2-Greater Philadelphia(70 mi.),2,495.00
2417511,2020-01-09 00:00:00,,19123,Pennsylvania,1-Philadelphia City (20 mi.),,480.00
2417678,2020-01-18 00:00:00,,08053,New Jersey,1-Philadelphia City (20 mi.),,477.00
2418013,2020-01-31 00:00:00,,19130,Pennsylvania,1-Philadelphia City (20 mi.),,476.00
2418574,2020-03-03 00:00:00,,43054,Ohio,7-USA Balance,,462.00
2418212,2020-02-10 00:00:00,2020-02-10 00:00:00,19063,Pennsylvania,1-Philadelphia City (20 mi.),,458.00
2417424,2020-01-03 00:00:00,,19073,Pennsylvania,1-Philadelphia City (20 mi.),,458.00
2418668,2020-03-07 00:00:00,2020-03-07 00:00:00,29205,South Carolina,7-USA Balance,,448.00
2417669,2020-01-18 00:00:00,,080559639,New Jersey,1-Philadelphia City (20 mi.),,438.00
2417962,2020-01-29 00:00:00,,19004,Pennsylvania,1-Philadelphia City (20 mi.),,438.00
2418372,2020-02-21 00:00:00,,19096,Pennsylvania,1-Philadelphia City (20 mi.),,436.00
2418237,2020-02-13 00:00:00,,60661,Illinois,7-USA Balance,,434.00
2417549,2020-01-11 00:00:00,,19146,Pennsylvania,1-Philadelphia City (20 mi.),,420.00
2418588,2020-03-05 00:00:00,,08618,New Jersey,2-Greater Philadelphia(70 mi.),,410.00
2417450,2020-01-05 00:00:00,2020-01-05 00:00:00,19085,Pennsylvania,1-Philadelphia City (20 mi.),U,410.00
2417898,2020-01-28 00:00:00,2020-05-31 00:00:00,19119,Pennsylvania,1-Philadelphia City (20 mi.),4,410.00
2417698,2020-01-19 00:00:00,,08057,New Jersey,1-Philadelphia City (20 mi.),,405.00
2417504,2020-01-08 00:00:00,,19008,Pennsylvania,1-Philadelphia City (20 mi.),,405.00
2418512,2020-02-28 00:00:00,,10025,New York,3-New York City (20 mi.),,400.00
2418526,2020-02-29 00:00:00,,19003,Pennsylvania,1-Philadelphia City (20 mi.),,400.00
2419122,2020-06-16 00:00:00,,19081,Pennsylvania,1-Philadelphia City (20 mi.),,400.00
2419133,2020-06-15 00:00:00,,19102,Pennsylvania,1-Philadelphia City (20 mi.),,400.00
2417563,2020-01-12 00:00:00,,19438,Pennsylvania,2-Greater Philadelphia(70 mi.),,396.00
2417512,2020-01-09 00:00:00,2020-04-02 00:00:00,19460,Palau,2-Greater Philadelphia(70 mi.),,396.00
2417626,2020-01-15 00:00:00,,08054,New Jersey,1-Philadelphia City (20 mi.),,384.00
2417627,2020-01-15 00:00:00,2020-03-24 00:00:00,18940,Pennsylvania,2-Greater Philadelphia(70 mi.),,380.00
2418207,2020-02-10 00:00:00,,19124,Pennsylvania,1-Philadelphia City (20 mi.),,370.00
2417559,2020-01-12 00:00:00,2020-01-12 00:00:00,19106,Pennsylvania,1-Philadelphia City (20 mi.),4,368.00
2418368,2020-02-21 00:00:00,,19146,Pennsylvania,1-Philadelphia City (20 mi.),,358.00
2418475,2020-02-27 00:00:00,,10019,New York,3-New York City (20 mi.),,341.00
2417659,2020-01-17 00:00:00,,19044,Pennsylvania,1-Philadelphia City (20 mi.),,338.00
2417883,2020-01-28 00:00:00,,19311,Pennsylvania,2-Greater Philadelphia(70 mi.),,338.00
2417895,2020-01-28 00:00:00,2020-01-28 00:00:00,19930,Delaware,5-NEC (140 mi. from Philly),,338.00
2417901,2020-01-28 00:00:00,,21093,Maryland,5-NEC (140 mi. from Philly),,338.00
2417832,2020-01-26 00:00:00,2020-02-26 00:00:00,19026,Pennsylvania,1-Philadelphia City (20 mi.),2,327.00
2417711,2020-01-20 00:00:00,2020-03-24 00:00:00,19010,Pennsylvania,1-Philadelphia City (20 mi.),,318.00
2417494,2020-01-08 00:00:00,2020-03-24 00:00:00,19087,Pennsylvania,1-Philadelphia City (20 mi.),,318.00
2418564,2020-03-02 00:00:00,,19102,Pennsylvania,1-Philadelphia City (20 mi.),,318.00
2418279,2020-02-15 00:00:00,,19130,Pennsylvania,1-Philadelphia City (20 mi.),,318.00
2418244,2020-02-13 00:00:00,,19146,Pennsylvania,1-Philadelphia City (20 mi.),,318.00
2417882,2020-01-28 00:00:00,2020-01-28 00:00:00,19335,Pennsylvania,2-Greater Philadelphia(70 mi.),,318.00
2417438,2020-01-04 00:00:00,,19460,Pennsylvania,2-Greater Philadelphia(70 mi.),,318.00
2417554,2020-01-13 00:00:00,,19934,Delaware,2-Greater Philadelphia(70 mi.),,318.00
2418700,2020-03-10 00:00:00,,18902,Pennsylvania,2-Greater Philadelphia(70 mi.),,310.00
2417941,2020-01-29 00:00:00,,19121,Pennsylvania,1-Philadelphia City (20 mi.),,299.00
2417854,2020-01-27 00:00:00,2020-04-27 00:00:00,08003,New Jersey,1-Philadelphia City (20 mi.),4,297.00
2417467,2020-01-06 00:00:00,2020-04-24 00:00:00,08807,New Jersey,2-Greater Philadelphia(70 mi.),6,297.00
2417841,2020-01-27 00:00:00,,19311,Pennsylvania,2-Greater Philadelphia(70 mi.),,297.00
2418203,2020-02-09 00:00:00,,193331121,Pennsylvania,1-Philadelphia City (20 mi.),,297.00
2417884,2020-01-28 00:00:00,,19373,Pennsylvania,1-Philadelphia City (20 mi.),,297.00
2418190,2020-02-07 00:00:00,,21054,Maryland,5-NEC (140 mi. from Philly),,297.00
2417493,2020-01-08 00:00:00,,19147,Pennsylvania,1-Philadelphia City (20 mi.),,296.00
2418420,2020-02-25 00:00:00,,19026,Pennsylvania,1-Philadelphia City (20 mi.),,295.00
2418229,2020-02-12 00:00:00,,08043,New Jersey,1-Philadelphia City (20 mi.),,290.00
2418196,2020-02-09 00:00:00,,19025,Pennsylvania,1-Philadelphia City (20 mi.),,290.00
2417615,2020-01-15 00:00:00,,19131,Pennsylvania,1-Philadelphia City (20 mi.),,290.00
2417428,2020-01-03 00:00:00,,19446,Pennsylvania,2-Greater Philadelphia(70 mi.),,290.00
2418835,2020-04-03 00:00:00,,08012,New Jersey,1-Philadelphia City (20 mi.),,282.00
2417763,2020-01-22 00:00:00,,17602,Pennsylvania,2-Greater Philadelphia(70 mi.),,280.00
2418687,2020-03-09 00:00:00,,18635,Pennsylvania,5-NEC (140 mi. from Philly),,278.00
2417844,2020-01-27 00:00:00,,19342,Pennsylvania,1-Philadelphia City (20 mi.),,277.00
2417978,2020-01-30 00:00:00,2020-03-26 00:00:00,19734,Delaware,2-Greater Philadelphia(70 mi.),,277.00
2417943,2020-01-30 00:00:00,,19147,Pennsylvania,1-Philadelphia City (20 mi.),,275.00
2417876,2020-01-27 00:00:00,,08055,Pennsylvania,1-Philadelphia City (20 mi.),,270.00
2418131,2020-02-04 00:00:00,,08080,New Jersey,1-Philadelphia City (20 mi.),,270.00
2417664,2020-01-17 00:00:00,,17543,Pennsylvania,2-Greater Philadelphia(70 mi.),,270.00
2417487,2020-01-07 00:00:00,,18977,Pennsylvania,2-Greater Philadelphia(70 mi.),,270.00
2417491,2020-01-08 00:00:00,,19006,Pennsylvania,1-Philadelphia City (20 mi.),,270.00
2417594,2020-01-14 00:00:00,,19023,Pennsylvania,1-Philadelphia City (20 mi.),,270.00
2418346,2020-02-20 00:00:00,,19103,Pennsylvania,1-Philadelphia City (20 mi.),,270.00
2417641,2020-01-16 00:00:00,,19146,Pennsylvania,1-Philadelphia City (20 mi.),,270.00
2418366,2020-02-21 00:00:00,2020-03-24 00:00:00,19147,Pennsylvania,1-Philadelphia City (20 mi.),,270.00
2418152,2020-02-06 00:00:00,,19312,Pennsylvania,1-Philadelphia City (20 mi.),,270.00
2418470,2020-02-26 00:00:00,,193201655,Pennsylvania,2-Greater Philadelphia(70 mi.),,270.00
2417738,2020-01-21 00:00:00,,19335,Pennsylvania,2-Greater Philadelphia(70 mi.),,270.00
2418009,2020-01-31 00:00:00,2020-01-31 00:00:00,19525,Pennsylvania,2-Greater Philadelphia(70 mi.),,270.00
2418391,2020-02-23 00:00:00,2020-02-23 00:00:00,19803,Delaware,2-Greater Philadelphia(70 mi.),1,270.00
2418224,2020-02-11 00:00:00,,33304,Florida,7-USA Balance,,270.00
2418395,2020-02-24 00:00:00,,85602,Arizona,7-USA Balance,,270.00
2418514,2020-02-28 00:00:00,,12804,New York,7-USA Balance,,262.00
2418174,2020-02-06 00:00:00,2020-03-26 00:00:00,191194103,Pennsylvania,1-Philadelphia City (20 mi.),,262.00
2417566,2020-01-12 00:00:00,,19026,Pennsylvania,1-Philadelphia City (20 mi.),,260.00
2417699,2020-01-19 00:00:00,,19512,Pennsylvania,2-Greater Philadelphia(70 mi.),,258.00
2418486,2020-02-27 00:00:00,,10024,New York,3-New York City (20 mi.),,256.00
2417665,2020-01-17 00:00:00,,10021,New York,3-New York City (20 mi.),,255.00
2418097,2020-02-01 00:00:00,,19350,Pennsylvania,2-Greater Philadelphia(70 mi.),,250.00
2418137,2020-02-04 00:00:00,2020-04-23 00:00:00,180699077,Pennsylvania,2-Greater Philadelphia(70 mi.),4,245.00
2417576,2020-01-13 00:00:00,,19114,Pennsylvania,1-Philadelphia City (20 mi.),,245.00
2417970,2020-01-30 00:00:00,,16602,Pennsylvania,6-NEC (210 mi. from Philly),,238.00
2417940,2020-01-28 00:00:00,,19087,Pennsylvania,1-Philadelphia City (20 mi.),,238.00
1223556,2020-01-25 00:00:00,,19129,Pennsylvania,1-Philadelphia City (20 mi.),,238.00
2417959,2020-01-29 00:00:00,,19146,Pennsylvania,1-Philadelphia City (20 mi.),,238.00
2418027,2020-01-31 00:00:00,,19312,Pennsylvania,1-Philadelphia City (20 mi.),,238.00
2417919,2020-01-28 00:00:00,,92037,California,7-USA Balance,,238.00
2417455,2020-01-05 00:00:00,,19128,Pennsylvania,1-Philadelphia City (20 mi.),,237.00
2418685,2020-03-09 00:00:00,,18954,Pennsylvania,2-Greater Philadelphia(70 mi.),,236.00
2417735,2020-01-21 00:00:00,,19002,Pennsylvania,1-Philadelphia City (20 mi.),,236.00
2417873,2020-02-17 00:00:00,,19063,Pennsylvania,1-Philadelphia City (20 mi.),,236.00
2417555,2020-01-12 00:00:00,,19125,Pennsylvania,1-Philadelphia City (20 mi.),,236.00
2418675,2020-03-08 00:00:00,,19130,Pennsylvania,1-Philadelphia City (20 mi.),,236.00
2418527,2020-02-29 00:00:00,,19438,Pennsylvania,2-Greater Philadelphia(70 mi.),,236.00
2373650,2020-02-27 00:00:00,,V4M0A2,British Columbia,8-Foreign,,236.00
2418074,2020-01-31 00:00:00,2020-05-31 00:00:00,08055,New Jersey,1-Philadelphia City (20 mi.),5,230.00
2418671,2020-03-07 00:00:00,,29201,South Carolina,7-USA Balance,,224.00
2417845,2020-01-27 00:00:00,,19348,Pennsylvania,2-Greater Philadelphia(70 mi.),,219.00
2417674,2020-01-18 00:00:00,,19446,Pennsylvania,2-Greater Philadelphia(70 mi.),,219.00
2418061,2020-01-31 00:00:00,,M4N3L3,Ontario,8-Foreign,,219.00
2418509,2020-02-28 00:00:00,,19152,Pennsylvania,1-Philadelphia City (20 mi.),,218.00
2371561,2020-01-28 00:00:00,,19118,Pennsylvania,1-Philadelphia City (20 mi.),3,215.00
2418230,2020-02-12 00:00:00,,19148,Pennsylvania,1-Philadelphia City (20 mi.),,210.00
2418096,2020-02-01 00:00:00,,18966,Pennsylvania,1-Philadelphia City (20 mi.),,209.00
2418316,2020-02-18 00:00:00,2020-02-18 00:00:00,19934,Delaware,2-Greater Philadelphia(70 mi.),,205.00
2418273,2020-02-15 00:00:00,2020-04-23 00:00:00,02878,Rhode Island,7-USA Balance,4,198.00
2418755,2020-03-14 00:00:00,,07735,New Jersey,2-Greater Philadelphia(70 mi.),,198.00
2418276,2020-02-15 00:00:00,,08330,New Jersey,2-Greater Philadelphia(70 mi.),,198.00
2417657,2020-01-17 00:00:00,,08742,New Jersey,2-Greater Philadelphia(70 mi.),,198.00
2418681,2020-03-08 00:00:00,,18902,Pennsylvania,2-Greater Philadelphia(70 mi.),,198.00
2418696,2020-03-10 00:00:00,,18966,Pennsylvania,1-Philadelphia City (20 mi.),,198.00
2418315,2020-02-18 00:00:00,,18974,Pennsylvania,1-Philadelphia City (20 mi.),,198.00
2418239,2020-02-13 00:00:00,2020-03-26 00:00:00,19031,Pennsylvania,1-Philadelphia City (20 mi.),,198.00
2417730,2020-01-21 00:00:00,,19072,Pennsylvania,1-Philadelphia City (20 mi.),,198.00
2417661,2020-01-17 00:00:00,,19095,Pennsylvania,1-Philadelphia City (20 mi.),,198.00
2418134,2020-02-04 00:00:00,,19101,Pennsylvania,1-Philadelphia City (20 mi.),,198.00
2418538,2020-03-01 00:00:00,,19134,Pennsylvania,1-Philadelphia City (20 mi.),,198.00
2417461,2020-01-06 00:00:00,2020-03-27 00:00:00,19143,Pennsylvania,1-Philadelphia City (20 mi.),,198.00
2418144,2020-02-05 00:00:00,,19145,Pennsylvania,1-Philadelphia City (20 mi.),,198.00
2419131,2020-06-15 00:00:00,,19317,Pennsylvania,2-Greater Philadelphia(70 mi.),,198.00
2418148,2020-02-05 00:00:00,,19333,Pennsylvania,1-Philadelphia City (20 mi.),,198.00
2417725,2020-01-21 00:00:00,,19403,Pennsylvania,1-Philadelphia City (20 mi.),,198.00
2417451,2020-01-05 00:00:00,2020-04-24 00:00:00,19460,Pennsylvania,2-Greater Philadelphia(70 mi.),4,198.00
2417524,2020-01-09 00:00:00,,19701,Delaware,2-Greater Philadelphia(70 mi.),,198.00
2418129,2020-02-04 00:00:00,,60601,Illinois,7-USA Balance,,198.00
2418581,2020-03-03 00:00:00,,84097,Utah,7-USA Balance,,198.00
2418135,2020-02-04 00:00:00,,M4N 2W6,Ontario,8-Foreign,,198.00
2417733,2020-01-21 00:00:00,,17603,Pennsylvania,2-Greater Philadelphia(70 mi.),,196.00
2417759,2020-01-22 00:00:00,,21804,Maryland,5-NEC (140 mi. from Philly),,196.00
2417710,2020-01-20 00:00:00,,19103,Pennsylvania,1-Philadelphia City (20 mi.),,195.00
2418534,2020-03-05 00:00:00,,10024,New York,3-New York City (20 mi.),,192.00
2417976,2020-01-30 00:00:00,,19103,Pennsylvania,1-Philadelphia City (20 mi.),,192.00
2417712,2020-01-20 00:00:00,2020-05-05 00:00:00,19103,Pennsylvania,1-Philadelphia City (20 mi.),1,188.00
2418678,2020-03-08 00:00:00,,19001,Pennsylvania,1-Philadelphia City (20 mi.),,179.00
2418299,2020-02-17 00:00:00,,19010,Pennsylvania,1-Philadelphia City (20 mi.),,177.00
2417676,2020-01-18 00:00:00,,19033,Pennsylvania,1-Philadelphia City (20 mi.),,177.00
2417483,2020-01-07 00:00:00,,19118,Pennsylvania,1-Philadelphia City (20 mi.),,176.00
2418507,2020-02-28 00:00:00,,11757,New York,5-NEC (140 mi. from Philly),,172.00
2418314,2020-02-18 00:00:00,,08003,New Jersey,1-Philadelphia City (20 mi.),,170.00
2417417,2020-01-24 00:00:00,,08021,New Jersey,1-Philadelphia City (20 mi.),,170.00
2418469,2020-02-26 00:00:00,,08086,New York,1-Philadelphia City (20 mi.),,170.00
2418689,2020-03-09 00:00:00,,18052,Pennsylvania,2-Greater Philadelphia(70 mi.),,170.00
2417743,2020-01-22 00:00:00,,18069,Pennsylvania,2-Greater Philadelphia(70 mi.),,170.00
2418467,2020-02-26 00:00:00,2020-03-26 00:00:00,18901,Pennsylvania,2-Greater Philadelphia(70 mi.),,170.00
2418693,2020-03-10 00:00:00,,18947,Pennsylvania,2-Greater Philadelphia(70 mi.),,170.00
2417812,2020-01-25 00:00:00,,19010,Pennsylvania,1-Philadelphia City (20 mi.),,170.00
2417562,2020-01-12 00:00:00,,19027,Pennsylvania,1-Philadelphia City (20 mi.),,170.00
2418206,2020-02-09 00:00:00,,19067,Pennsylvania,2-Greater Philadelphia(70 mi.),,170.00
2418170,2020-02-06 00:00:00,2020-03-27 00:00:00,19083,Pennsylvania,1-Philadelphia City (20 mi.),,170.00
2417570,2020-01-12 00:00:00,2020-03-25 00:00:00,19087,Pennsylvania,1-Philadelphia City (20 mi.),,170.00
2418426,2020-02-25 00:00:00,,19087,Pennsylvania,1-Philadelphia City (20 mi.),,170.00
2418691,2020-03-09 00:00:00,,19103,Pennsylvania,1-Philadelphia City (20 mi.),,170.00
2418506,2020-02-28 00:00:00,,19127,Pennsylvania,1-Philadelphia City (20 mi.),,170.00
2419197,2020-07-19 00:00:00,,19132,Pennsylvania,1-Philadelphia City (20 mi.),,170.00
2418261,2020-02-14 00:00:00,,19134,Pennsylvania,1-Philadelphia City (20 mi.),,170.00
2417464,2020-01-06 00:00:00,,19135,Pennsylvania,1-Philadelphia City (20 mi.),,170.00
2418264,2020-02-14 00:00:00,,19147,Pennsylvania,1-Philadelphia City (20 mi.),,170.00
2418286,2020-02-16 00:00:00,,19147,Pennsylvania,1-Philadelphia City (20 mi.),,170.00
2417382,2020-01-16 00:00:00,,19148,Pennsylvania,1-Philadelphia City (20 mi.),,170.00
2418216,2020-02-10 00:00:00,,19148,Pennsylvania,1-Philadelphia City (20 mi.),,170.00
2418422,2020-02-25 00:00:00,,19335,Pennsylvania,2-Greater Philadelphia(70 mi.),,170.00
2418703,2020-03-10 00:00:00,2020-04-24 00:00:00,19341,Pennsylvania,2-Greater Philadelphia(70 mi.),1,170.00
2417443,2020-01-04 00:00:00,,19403,Pennsylvania,1-Philadelphia City (20 mi.),,170.00
2418255,2020-02-14 00:00:00,,19425,Pennsylvania,2-Greater Philadelphia(70 mi.),,170.00
2418249,2020-02-13 00:00:00,,19428,Pennsylvania,1-Philadelphia City (20 mi.),,170.00
2417544,2020-01-11 00:00:00,2020-03-26 00:00:00,194361024,Pennsylvania,1-Philadelphia City (20 mi.),,170.00
2417408,2020-01-02 00:00:00,,21620,Maryland,5-NEC (140 mi. from Philly),,170.00
2418245,2020-02-13 00:00:00,,30542,Georgia,7-USA Balance,,170.00
2418193,2020-02-08 00:00:00,,49024,Michigan,7-USA Balance,,170.00
2418400,2020-02-24 00:00:00,,60026,Illinois,7-USA Balance,,170.00
2418130,2020-02-04 00:00:00,2020-04-29 00:00:00,60102,Illinois,7-USA Balance,1,170.00
2418045,2020-01-31 00:00:00,2020-01-31 00:00:00,198072573,Delaware,2-Greater Philadelphia(70 mi.),,165.00
2417625,2020-01-15 00:00:00,,19355,Pennsylvania,2-Greater Philadelphia(70 mi.),,160.00
2418673,2020-03-07 00:00:00,,19138,Pennsylvania,1-Philadelphia City (20 mi.),,159.00
2419109,2020-06-06 00:00:00,,949032908,California,7-USA Balance,,159.00
2417706,2020-01-20 00:00:00,2020-01-20 00:00:00,06518,Connecticut,6-NEC (210 mi. from Philly),1,158.00
2417719,2020-01-21 00:00:00,,08055,New Jersey,1-Philadelphia City (20 mi.),,158.00
2417889,2020-01-28 00:00:00,,08109,New Jersey,1-Philadelphia City (20 mi.),,158.00
2417547,2020-01-11 00:00:00,,08323,New Jersey,2-Greater Philadelphia(70 mi.),,158.00
2418088,2020-02-01 00:00:00,,19015,Pennsylvania,1-Philadelphia City (20 mi.),,158.00
2417475,2020-01-07 00:00:00,,19103,Pennsylvania,1-Philadelphia City (20 mi.),,158.00
2417620,2020-01-15 00:00:00,,19106,Pennsylvania,1-Philadelphia City (20 mi.),,158.00
2417683,2020-01-18 00:00:00,,19130,Pennsylvania,1-Philadelphia City (20 mi.),,158.00
2417737,2020-01-21 00:00:00,,19146,Pennsylvania,1-Philadelphia City (20 mi.),,158.00
2417660,2020-01-17 00:00:00,2020-01-17 00:00:00,19320,Pennsylvania,2-Greater Philadelphia(70 mi.),4,158.00
2417520,2020-01-09 00:00:00,,19335,Pennsylvania,2-Greater Philadelphia(70 mi.),,158.00
2417429,2020-01-03 00:00:00,,19529,Pennsylvania,2-Greater Philadelphia(70 mi.),,158.00
2417526,2020-01-09 00:00:00,,19803,Delaware,2-Greater Philadelphia(70 mi.),,158.00
2417536,2020-01-10 00:00:00,,21911,Maryland,2-Greater Philadelphia(70 mi.),,158.00
2418425,2020-02-25 00:00:00,,08062,New Jersey,1-Philadelphia City (20 mi.),,154.00
2418863,2020-04-17 00:00:00,,95630,California,7-USA Balance,,150.00
2417833,2020-01-26 00:00:00,,19143,Pennsylvania,1-Philadelphia City (20 mi.),,148.00
2417954,2020-01-29 00:00:00,2020-01-29 00:00:00,08360,New Jersey,2-Greater Philadelphia(70 mi.),,147.00
2417651,2020-01-17 00:00:00,,19709,Pennsylvania,2-Greater Philadelphia(70 mi.),,147.00
2418519,2020-02-28 00:00:00,,20011,D.C.,4-DC (20 mi.),,141.00
2417911,2020-01-28 00:00:00,,08820,New Jersey,2-Greater Philadelphia(70 mi.),,139.00
2419138,2020-06-16 00:00:00,,17572,Pennsylvania,2-Greater Philadelphia(70 mi.),,138.00
2418686,2020-03-09 00:00:00,,08003,New Jersey,1-Philadelphia City (20 mi.),,135.00
2418217,2020-02-10 00:00:00,2020-04-21 00:00:00,19148,Pennsylvania,1-Philadelphia City (20 mi.),1,135.00
2417939,2020-01-29 00:00:00,2020-03-26 00:00:00,33703,Florida,7-USA Balance,,135.00
2418112,2020-02-02 00:00:00,,07003,New Jersey,3-New York City (20 mi.),,130.00
2413020,2020-02-27 00:00:00,2020-03-27 00:00:00,190811720,Pennsylvania,1-Philadelphia City (20 mi.),4,130.00
2418221,2020-02-11 00:00:00,,19106,Pennsylvania,1-Philadelphia City (20 mi.),,130.00
2418228,2020-02-12 00:00:00,,19147,Pennsylvania,1-Philadelphia City (20 mi.),,130.00
2417779,2020-01-23 00:00:00,,19102,Pennsylvania,1-Philadelphia City (20 mi.),,128.00
2418215,2020-02-14 00:00:00,,08028,New Jersey,1-Philadelphia City (20 mi.),,126.00
2417739,2020-01-21 00:00:00,,18944,Pennsylvania,2-Greater Philadelphia(70 mi.),,120.00
2417496,2020-01-08 00:00:00,,08691,New Jersey,2-Greater Philadelphia(70 mi.),,119.00
2417541,2020-01-11 00:00:00,,19007,Pennsylvania,2-Greater Philadelphia(70 mi.),,119.00
2418010,2020-01-31 00:00:00,,19087,Pennsylvania,1-Philadelphia City (20 mi.),,119.00
2418092,2020-02-01 00:00:00,,19107,Pennsylvania,1-Philadelphia City (20 mi.),,119.00
2417932,2020-01-28 00:00:00,,19380,Pennsylvania,2-Greater Philadelphia(70 mi.),,119.00
2411289,2020-01-29 00:00:00,,19460,Pennsylvania,2-Greater Philadelphia(70 mi.),6,119.00
2418066,2020-01-31 00:00:00,,19806,Delaware,2-Greater Philadelphia(70 mi.),,119.00
2418108,2020-02-02 00:00:00,,19806,Delaware,2-Greater Philadelphia(70 mi.),,119.00
2417936,2020-01-29 00:00:00,,CB5 8HG,,8-Foreign,,119.00
2418327,2020-02-21 00:00:00,,08054,New Jersey,1-Philadelphia City (20 mi.),,118.00
2418285,2020-02-16 00:00:00,,08204,New Jersey,2-Greater Philadelphia(70 mi.),,118.00
2417830,2020-01-26 00:00:00,,17569,Pennsylvania,2-Greater Philadelphia(70 mi.),,118.00
2418753,2020-03-14 00:00:00,2020-03-14 00:00:00,18901,Pennsylvania,2-Greater Philadelphia(70 mi.),,118.00
2418140,2020-02-05 00:00:00,2020-03-24 00:00:00,19053,Pennsylvania,1-Philadelphia City (20 mi.),,118.00
2417646,2020-01-16 00:00:00,,19104,Pennsylvania,1-Philadelphia City (20 mi.),,118.00
2418124,2020-02-03 00:00:00,,19120,Pennsylvania,1-Philadelphia City (20 mi.),,118.00
2419283,2020-08-12 00:00:00,2020-08-12 00:00:00,04106,Maine,7-USA Balance,,117.00
2418220,2020-02-11 00:00:00,,19130,Pennsylvania,1-Philadelphia City (20 mi.),,117.00
2418195,2020-02-08 00:00:00,,19121,Pennsylvania,1-Philadelphia City (20 mi.),,116.00
2417539,2020-01-10 00:00:00,,19130,Pennsylvania,1-Philadelphia City (20 mi.),,115.00
2418118,2020-02-02 00:00:00,,32836,Florida,7-USA Balance,,115.00
2418223,2020-02-11 00:00:00,,07503,New Jersey,3-New York City (20 mi.),,110.00
2418381,2020-02-22 00:00:00,,08036,New York,1-Philadelphia City (20 mi.),,110.00
2417663,2020-01-17 00:00:00,2020-03-27 00:00:00,08108,New Jersey,1-Philadelphia City (20 mi.),,110.00
2418674,2020-03-07 00:00:00,,18940,Pennsylvania,2-Greater Philadelphia(70 mi.),,110.00
2418582,2020-03-03 00:00:00,,18944,Pennsylvania,2-Greater Philadelphia(70 mi.),,110.00
2418369,2020-02-21 00:00:00,,18966,Pennsylvania,1-Philadelphia City (20 mi.),,110.00
2417423,2020-01-02 00:00:00,2020-04-06 00:00:00,19041,Pennsylvania,1-Philadelphia City (20 mi.),,110.00
2418284,2020-02-16 00:00:00,,19103,Pennsylvania,1-Philadelphia City (20 mi.),,110.00
2417849,2020-01-27 00:00:00,,19141,Pennsylvania,1-Philadelphia City (20 mi.),,110.00
2418631,2020-03-05 00:00:00,2020-03-26 00:00:00,19422,Pennsylvania,1-Philadelphia City (20 mi.),,110.00
2418708,2020-03-11 00:00:00,,19422,Pennsylvania,1-Philadelphia City (20 mi.),,110.00
2418003,2020-01-30 00:00:00,,19460,Pennsylvania,2-Greater Philadelphia(70 mi.),,110.00
2418429,2020-02-25 00:00:00,,212183912,Maryland,5-NEC (140 mi. from Philly),,110.00
2417691,2020-01-19 00:00:00,,19064,Pennsylvania,1-Philadelphia City (20 mi.),,109.00
2418716,2020-03-12 00:00:00,,19121,Pennsylvania,1-Philadelphia City (20 mi.),,109.00
2419280,2020-08-10 00:00:00,,01240,Massachusetts,6-NEC (210 mi. from Philly),,99.00
2419270,2020-08-05 00:00:00,2020-08-05 00:00:00,08043,New Jersey,1-Philadelphia City (20 mi.),,99.00
2419265,2020-08-01 00:00:00,2020-08-01 00:00:00,10023,New York,3-New York City (20 mi.),,99.00
2383836,2020-07-30 00:00:00,,15501,Pennsylvania,6-NEC (210 mi. from Philly),,99.00
2419276,2020-05-16 00:00:00,2020-05-18 00:00:00,190663,Pennsylvania,1-Philadelphia City (20 mi.),,99.00
2419262,2020-08-01 00:00:00,2020-08-01 00:00:00,19083,Pennsylvania,1-Philadelphia City (20 mi.),,99.00
2419273,2020-08-06 00:00:00,,19103,Pennsylvania,1-Philadelphia City (20 mi.),,99.00
2419293,2020-08-19 00:00:00,,19103,Pennsylvania,1-Philadelphia City (20 mi.),,99.00
2419251,2020-07-29 00:00:00,,19106,Pennsylvania,1-Philadelphia City (20 mi.),,99.00
2418302,2020-02-17 00:00:00,2020-04-13 00:00:00,19125,Pennsylvania,1-Philadelphia City (20 mi.),,99.00
2419267,2020-08-02 00:00:00,2020-08-02 00:00:00,19803,Delaware,2-Greater Philadelphia(70 mi.),,99.00
2419263,2020-08-01 00:00:00,2020-08-01 00:00:00,20024,D.C.,4-DC (20 mi.),,99.00
2419096,2020-06-01 00:00:00,,20744,Maryland,4-DC (20 mi.),,99.00
2419264,2020-08-01 00:00:00,,55105,Minnesota,7-USA Balance,,99.00
2419255,2020-07-29 00:00:00,2020-07-29 00:00:00,939239115,California,7-USA Balance,5,99.00
2375698,2020-08-16 00:00:00,2020-08-25 00:00:00,94108,California,7-USA Balance,7,99.00
2361215,2020-07-29 00:00:00,2020-07-29 00:00:00,M4M 2E2,Ontario,8-Foreign,,99.00
2417604,2020-01-14 00:00:00,,02026,Massachusetts,7-USA Balance,,98.00
2417944,2020-01-29 00:00:00,,08002,New Jersey,1-Philadelphia City (20 mi.),,98.00
2417848,2020-01-27 00:00:00,,08012,New Jersey,1-Philadelphia City (20 mi.),,98.00
2417490,2020-01-08 00:00:00,,08053,New Jersey,1-Philadelphia City (20 mi.),,98.00
2417693,2020-01-19 00:00:00,,08060,New Jersey,2-Greater Philadelphia(70 mi.),,98.00
2417468,2020-01-06 00:00:00,,08085,New Jersey,1-Philadelphia City (20 mi.),,98.00
2417750,2020-01-24 00:00:00,,087423450,New Jersey,2-Greater Philadelphia(70 mi.),,98.00
2417821,2020-01-26 00:00:00,,08904,New Jersey,2-Greater Philadelphia(70 mi.),,98.00
2417564,2020-01-12 00:00:00,,14850,New York,6-NEC (210 mi. from Philly),,98.00
2417470,2020-01-07 00:00:00,,17055,Pennsylvania,5-NEC (140 mi. from Philly),,98.00
2396163,2020-01-08 00:00:00,,17339,Pennsylvania,5-NEC (140 mi. from Philly),,98.00
2417762,2020-01-22 00:00:00,,18031,Pennsylvania,2-Greater Philadelphia(70 mi.),,98.00
2417838,2020-01-26 00:00:00,,18037,Pennsylvania,2-Greater Philadelphia(70 mi.),,98.00
2417609,2020-01-15 00:00:00,,19002,Pennsylvania,1-Philadelphia City (20 mi.),,98.00
2417842,2020-01-27 00:00:00,,19012,Pennsylvania,1-Philadelphia City (20 mi.),,98.00
2417811,2020-01-25 00:00:00,,19063,Pennsylvania,1-Philadelphia City (20 mi.),,98.00
2417766,2020-01-23 00:00:00,,19066,Pennsylvania,1-Philadelphia City (20 mi.),,98.00
2417561,2020-01-12 00:00:00,,19072,Pennsylvania,1-Philadelphia City (20 mi.),,98.00
2417754,2020-01-22 00:00:00,,19103,Pennsylvania,1-Philadelphia City (20 mi.),,98.00
2417823,2020-01-26 00:00:00,,19104,Pennsylvania,1-Philadelphia City (20 mi.),,98.00
2417462,2020-01-06 00:00:00,,19106,Pennsylvania,1-Philadelphia City (20 mi.),,98.00
2417591,2020-01-14 00:00:00,,19106,Pennsylvania,1-Philadelphia City (20 mi.),,98.00
2417926,2020-01-28 00:00:00,,19106,Pennsylvania,1-Philadelphia City (20 mi.),,98.00
2417995,2020-01-30 00:00:00,,19107,Pennsylvania,1-Philadelphia City (20 mi.),,98.00
2418085,2020-02-01 00:00:00,,19107,Pennsylvania,1-Philadelphia City (20 mi.),,98.00
2417770,2020-01-23 00:00:00,,19118,Pennsylvania,1-Philadelphia City (20 mi.),,98.00
2417416,2020-01-02 00:00:00,,19119,Pennsylvania,1-Philadelphia City (20 mi.),,98.00
2417622,2020-01-15 00:00:00,,19125,Pennsylvania,1-Philadelphia City (20 mi.),,98.00
2418067,2020-01-31 00:00:00,,19125,Pennsylvania,1-Philadelphia City (20 mi.),,98.00
2417534,2020-01-10 00:00:00,,19130,Pennsylvania,1-Philadelphia City (20 mi.),,98.00
2417804,2020-01-24 00:00:00,,19143,Pennsylvania,1-Philadelphia City (20 mi.),,98.00
2417728,2020-01-21 00:00:00,,19144,Pennsylvania,1-Philadelphia City (20 mi.),,98.00
2418015,2020-01-31 00:00:00,,19146,Pennsylvania,1-Philadelphia City (20 mi.),,98.00
2413542,2020-01-28 00:00:00,,19147,Pennsylvania,1-Philadelphia City (20 mi.),,98.00
2417826,2020-01-26 00:00:00,,19147,Pennsylvania,1-Philadelphia City (20 mi.),,98.00
2417571,2020-01-12 00:00:00,,19333,Pennsylvania,1-Philadelphia City (20 mi.),,98.00
2417542,2020-01-11 00:00:00,,19343,Pennsylvania,2-Greater Philadelphia(70 mi.),,98.00
2417928,2020-01-28 00:00:00,,19468,Pennsylvania,2-Greater Philadelphia(70 mi.),,98.00
2417834,2020-01-26 00:00:00,,33629,Florida,7-USA Balance,,98.00
2418089,2020-02-01 00:00:00,,08107,New Jersey,1-Philadelphia City (20 mi.),,96.00
2411556,2020-01-30 00:00:00,,19143,Pennsylvania,1-Philadelphia City (20 mi.),,94.00
2405086,2020-01-15 00:00:00,2020-03-24 00:00:00,19125,Pennsylvania,1-Philadelphia City (20 mi.),,92.00
2417714,2020-01-20 00:00:00,,08057,New Jersey,1-Philadelphia City (20 mi.),,90.00
2418515,2020-02-28 00:00:00,,19103,New York,1-Philadelphia City (20 mi.),,90.00
2418007,2020-01-31 00:00:00,,19144,Pennsylvania,1-Philadelphia City (20 mi.),,90.00
2417629,2020-01-16 00:00:00,,02459,Massachusetts,7-USA Balance,,85.00
2418591,2020-03-05 00:00:00,,10001,New York,3-New York City (20 mi.),,85.00
2419246,2020-07-27 00:00:00,,19107,Pennsylvania,1-Philadelphia City (20 mi.),,85.00
2417794,2020-01-24 00:00:00,,19446,Pennsylvania,2-Greater Philadelphia(70 mi.),,85.00
2417406,2020-01-01 00:00:00,,19104,Pennsylvania,1-Philadelphia City (20 mi.),,80.00
2418060,2020-01-31 00:00:00,,08012,New Jersey,1-Philadelphia City (20 mi.),,79.00
2417896,2020-01-28 00:00:00,,08094,New Jersey,2-Greater Philadelphia(70 mi.),,79.00
2417596,2020-01-14 00:00:00,,18054,Pennsylvania,2-Greater Philadelphia(70 mi.),,79.00
2417910,2020-01-28 00:00:00,,19003,Pennsylvania,1-Philadelphia City (20 mi.),,79.00
2417579,2020-01-13 00:00:00,,19026,Pennsylvania,1-Philadelphia City (20 mi.),,79.00
2417551,2020-01-12 00:00:00,,19103,Pennsylvania,1-Philadelphia City (20 mi.),,79.00
2417886,2020-01-28 00:00:00,2020-01-28 00:00:00,19119,Pennsylvania,1-Philadelphia City (20 mi.),,79.00
2417908,2020-01-28 00:00:00,,19119,Pennsylvania,1-Philadelphia City (20 mi.),,79.00
2418383,2020-02-22 00:00:00,2020-03-31 00:00:00,18017,Pennsylvania,2-Greater Philadelphia(70 mi.),,78.00
2417502,2020-01-08 00:00:00,,19119,Pennsylvania,1-Philadelphia City (20 mi.),,78.00
2417652,2020-01-17 00:00:00,,19336,Pennsylvania,7-USA Balance,,78.00
2418090,2020-02-01 00:00:00,,19380,Pennsylvania,2-Greater Philadelphia(70 mi.),,78.00
2417780,2020-01-23 00:00:00,,19119,Pennsylvania,1-Philadelphia City (20 mi.),,75.00
2417588,2020-01-14 00:00:00,,19320,Pennsylvania,2-Greater Philadelphia(70 mi.),,70.00
2417606,2020-01-15 00:00:00,,19103,Pennsylvania,1-Philadelphia City (20 mi.),,69.00
2417790,2020-01-23 00:00:00,,19130,Pennsylvania,1-Philadelphia City (20 mi.),,69.00
2417531,2020-01-10 00:00:00,,19401,Pennsylvania,1-Philadelphia City (20 mi.),,69.00
2414467,2020-01-17 00:00:00,,19086,Pennsylvania,1-Philadelphia City (20 mi.),,64.00
2418094,2020-02-01 00:00:00,,07757,New Jersey,2-Greater Philadelphia(70 mi.),,60.00
2417637,2020-01-16 00:00:00,,08012,New Jersey,1-Philadelphia City (20 mi.),,60.00
2417473,2020-01-07 00:00:00,,08020,New Jersey,1-Philadelphia City (20 mi.),,60.00
2417675,2020-01-18 00:00:00,,08033,New Jersey,1-Philadelphia City (20 mi.),,60.00
2418238,2020-02-13 00:00:00,,08033,New York,1-Philadelphia City (20 mi.),,60.00
2417880,2020-01-28 00:00:00,,08071,New Jersey,1-Philadelphia City (20 mi.),,60.00
2417867,2020-01-27 00:00:00,,082044413,New Jersey,2-Greater Philadelphia(70 mi.),,60.00
2418098,2020-02-02 00:00:00,,10301,New York,3-New York City (20 mi.),,60.00
2417781,2020-01-23 00:00:00,,11209,New York,3-New York City (20 mi.),,60.00
2417836,2020-01-26 00:00:00,,15217,Pennsylvania,7-USA Balance,,60.00
2417924,2020-01-28 00:00:00,,17325,Pennsylvania,5-NEC (140 mi. from Philly),,60.00
2417969,2020-01-30 00:00:00,,17517,Pennsylvania,2-Greater Philadelphia(70 mi.),,60.00
2417767,2020-01-23 00:00:00,,18325,Pennsylvania,5-NEC (140 mi. from Philly),,60.00
2418301,2020-02-17 00:00:00,,18925,New York,2-Greater Philadelphia(70 mi.),,60.00
2417874,2020-01-27 00:00:00,,18940,Pennsylvania,2-Greater Philadelphia(70 mi.),,60.00
2417568,2020-01-12 00:00:00,,19004,Pennsylvania,1-Philadelphia City (20 mi.),,60.00
2418020,2020-01-31 00:00:00,,19004,Pennsylvania,1-Philadelphia City (20 mi.),,60.00
2417558,2020-01-12 00:00:00,,19038,Pennsylvania,1-Philadelphia City (20 mi.),,60.00
2417679,2020-01-18 00:00:00,,19047,Pennsylvania,2-Greater Philadelphia(70 mi.),,60.00
2417543,2020-01-11 00:00:00,,19050,Pennsylvania,1-Philadelphia City (20 mi.),,60.00
2417800,2020-01-24 00:00:00,,19063,Pennsylvania,1-Philadelphia City (20 mi.),,60.00
2417987,2020-01-30 00:00:00,,19083,Pennsylvania,1-Philadelphia City (20 mi.),,60.00
2418086,2020-02-01 00:00:00,,19090,Pennsylvania,1-Philadelphia City (20 mi.),,60.00
2418251,2020-02-14 00:00:00,,19103,New York,1-Philadelphia City (20 mi.),,60.00
2417813,2020-01-25 00:00:00,,19103,Pennsylvania,1-Philadelphia City (20 mi.),,60.00
2417920,2020-01-28 00:00:00,,19103,Pennsylvania,1-Philadelphia City (20 mi.),,60.00
2417955,2020-01-29 00:00:00,,19107,Pennsylvania,1-Philadelphia City (20 mi.),,60.00
2417700,2020-01-20 00:00:00,,19119,Pennsylvania,1-Philadelphia City (20 mi.),,60.00
2417958,2020-01-29 00:00:00,,19122,Pennsylvania,1-Philadelphia City (20 mi.),,60.00
2417988,2020-01-30 00:00:00,,19122,Pennsylvania,1-Philadelphia City (20 mi.),,60.00
2417507,2020-01-08 00:00:00,,19131,Pennsylvania,1-Philadelphia City (20 mi.),2,60.00
2417655,2020-01-17 00:00:00,2020-01-17 00:00:00,19143,Pennsylvania,1-Philadelphia City (20 mi.),3,60.00
2417509,2020-01-09 00:00:00,,19146,Pennsylvania,1-Philadelphia City (20 mi.),,60.00
2417545,2020-01-11 00:00:00,,19146,Pennsylvania,1-Philadelphia City (20 mi.),,60.00
2412041,2020-01-21 00:00:00,,19147,Pennsylvania,1-Philadelphia City (20 mi.),,60.00
2418102,2020-02-02 00:00:00,,19151,Pennsylvania,1-Philadelphia City (20 mi.),,60.00
2418232,2020-02-12 00:00:00,,19312,New York,1-Philadelphia City (20 mi.),,60.00
2417540,2020-01-10 00:00:00,,19363,Pennsylvania,2-Greater Philadelphia(70 mi.),,60.00
2417703,2020-01-20 00:00:00,,19380,Pennsylvania,2-Greater Philadelphia(70 mi.),,60.00
2418068,2020-01-31 00:00:00,,19382,Pennsylvania,2-Greater Philadelphia(70 mi.),,60.00
2417556,2020-01-12 00:00:00,,19610,Pennsylvania,2-Greater Philadelphia(70 mi.),,60.00
2417773,2020-01-23 00:00:00,,19810,Delaware,2-Greater Philadelphia(70 mi.),,60.00
2418427,2020-02-25 00:00:00,,20002,New York,4-DC (20 mi.),,60.00
2417671,2020-01-18 00:00:00,,98042,Washington,7-USA Balance,,60.00
2417749,2020-01-22 00:00:00,,18966,Pennsylvania,1-Philadelphia City (20 mi.),,59.00
2418397,2020-02-24 00:00:00,,19128,Pennsylvania,1-Philadelphia City (20 mi.),,59.00
2418682,2020-03-08 00:00:00,,19131,Pennsylvania,1-Philadelphia City (20 mi.),,59.00
2418521,2020-02-28 00:00:00,,02906,Rhode Island,7-USA Balance,,58.00
2418202,2020-02-09 00:00:00,,19010,Pennsylvania,1-Philadelphia City (20 mi.),,58.00
2418670,2020-03-07 00:00:00,,19107,Pennsylvania,1-Philadelphia City (20 mi.),,58.00
2417825,2020-01-26 00:00:00,,60201,Illinois,7-USA Balance,,58.00
2417846,2020-01-27 00:00:00,2020-06-26 00:00:00,19041,Pennsylvania,1-Philadelphia City (20 mi.),1,56.00
2418490,2020-02-28 00:00:00,2020-03-25 00:00:00,02740,,8-Foreign,,55.00
2418522,2020-02-28 00:00:00,2020-04-09 00:00:00,19027,Pennsylvania,1-Philadelphia City (20 mi.),,55.00
2417410,2020-01-02 00:00:00,2020-03-26 00:00:00,19121,Pennsylvania,1-Philadelphia City (20 mi.),,55.00
2417485,2020-01-07 00:00:00,2020-05-14 00:00:00,19140,Pennsylvania,1-Philadelphia City (20 mi.),1,54.00
2417407,2020-01-01 00:00:00,2020-01-01 00:00:00,08003,New Jersey,1-Philadelphia City (20 mi.),1,50.00
2418093,2020-02-01 00:00:00,,08080,New Jersey,1-Philadelphia City (20 mi.),,50.00
2418579,2020-03-03 00:00:00,,19107,Pennsylvania,1-Philadelphia City (20 mi.),,50.00
2418661,2020-03-06 00:00:00,,19153,Pennsylvania,1-Philadelphia City (20 mi.),,50.00
2418008,2020-01-31 00:00:00,,66206,Kansas,7-USA Balance,,50.00
2056241,2020-08-17 00:00:00,2013-02-11 00:00:00,02779,Massachusetts,7-USA Balance,6,49.00
2417922,2020-01-28 00:00:00,,06824,Connecticut,5-NEC (140 mi. from Philly),,49.00
2417481,2020-01-07 00:00:00,,08043,New Jersey,1-Philadelphia City (20 mi.),,49.00
2417560,2020-01-12 00:00:00,,08096,New Jersey,1-Philadelphia City (20 mi.),,49.00
2417909,2020-01-28 00:00:00,,08096,New Jersey,1-Philadelphia City (20 mi.),,49.00
2417827,2020-01-26 00:00:00,,11561,New York,5-NEC (140 mi. from Philly),,49.00
2418070,2020-01-31 00:00:00,,15101,Pennsylvania,7-USA Balance,,49.00
2417552,2020-01-12 00:00:00,,19130,Pennsylvania,1-Philadelphia City (20 mi.),,49.00
2417946,2020-01-29 00:00:00,,19348,Pennsylvania,2-Greater Philadelphia(70 mi.),,49.00
2417871,2020-01-27 00:00:00,,33785,Florida,7-USA Balance,,49.00
2418796,2020-03-24 00:00:00,2020-03-25 00:00:00,40502,Kentucky,7-USA Balance,,49.00
2419039,2020-05-19 00:00:00,2020-05-19 00:00:00,44106,Ohio,7-USA Balance,4,49.00
2417419,2020-01-02 00:00:00,,83457,,8-Foreign,,49.00
2418051,2020-01-31 00:00:00,2020-05-21 00:00:00,77025,Texas,7-USA Balance,1,45.00
2417907,2020-01-28 00:00:00,,13210,New York,7-USA Balance,,40.00
2417758,2020-01-22 00:00:00,2020-04-09 00:00:00,19009,Pennsylvania,1-Philadelphia City (20 mi.),,40.00
2417806,2020-01-25 00:00:00,2020-03-30 00:00:00,19104,Pennsylvania,1-Philadelphia City (20 mi.),,40.00
2417989,2020-01-30 00:00:00,,19107,Pennsylvania,1-Philadelphia City (20 mi.),,40.00
2417764,2020-01-22 00:00:00,,19128,Pennsylvania,1-Philadelphia City (20 mi.),,40.00
2417938,2020-01-29 00:00:00,2020-04-23 00:00:00,19123,Pennsylvania,1-Philadelphia City (20 mi.),4,39.00
2417618,2020-01-15 00:00:00,,19130,Pennsylvania,1-Philadelphia City (20 mi.),,39.00
2417685,2020-01-18 00:00:00,,27516,North Carolina,7-USA Balance,,39.00
2417925,2020-01-28 00:00:00,,17550,Pennsylvania,5-NEC (140 mi. from Philly),,30.00
2418082,2020-02-01 00:00:00,,18360,Pennsylvania,2-Greater Philadelphia(70 mi.),,30.00
2417734,2020-01-21 00:00:00,,18940,Pennsylvania,2-Greater Philadelphia(70 mi.),,30.00
2417808,2020-01-25 00:00:00,,18954,Pennsylvania,2-Greater Philadelphia(70 mi.),,30.00
2417521,2020-01-09 00:00:00,,19027,Pennsylvania,1-Philadelphia City (20 mi.),,30.00
2417522,2020-01-09 00:00:00,,19027,Pennsylvania,1-Philadelphia City (20 mi.),,30.00
2417843,2020-01-27 00:00:00,,19046,Pennsylvania,1-Philadelphia City (20 mi.),,30.00
2408946,2020-01-03 00:00:00,,19050,Pennsylvania,1-Philadelphia City (20 mi.),,30.00
2417741,2020-01-22 00:00:00,,19103,Pennsylvania,1-Philadelphia City (20 mi.),,30.00
2417796,2020-01-24 00:00:00,,19103,Pennsylvania,1-Philadelphia City (20 mi.),,30.00
2417866,2020-01-27 00:00:00,,19103,Pennsylvania,1-Philadelphia City (20 mi.),,30.00
2417921,2020-01-28 00:00:00,,19103,Pennsylvania,1-Philadelphia City (20 mi.),,30.00
2417788,2020-01-23 00:00:00,,19107,Pennsylvania,1-Philadelphia City (20 mi.),,30.00
1956225,2020-01-20 00:00:00,,19119,Pennsylvania,1-Philadelphia City (20 mi.),,30.00
2418072,2020-01-31 00:00:00,,19128,Pennsylvania,1-Philadelphia City (20 mi.),,30.00
2417565,2020-01-12 00:00:00,,19134,Pennsylvania,1-Philadelphia City (20 mi.),,30.00
2418095,2020-02-01 00:00:00,,19141,Pennsylvania,1-Philadelphia City (20 mi.),,30.00
2418056,2020-01-31 00:00:00,,19144,Pennsylvania,1-Philadelphia City (20 mi.),,30.00
2417933,2020-01-28 00:00:00,,1947,Pennsylvania,7-USA Balance,,30.00
2418141,2020-02-05 00:00:00,,08108,New Jersey,1-Philadelphia City (20 mi.),,29.00
2417425,2020-01-22 00:00:00,,08053,New Jersey,1-Philadelphia City (20 mi.),,28.00
2417689,2020-01-19 00:00:00,2020-01-19 00:00:00,1070052,,8-Foreign,U,25.00
2417991,2020-01-30 00:00:00,2020-04-24 00:00:00,19001,Pennsylvania,1-Philadelphia City (20 mi.),1,25.00
2417601,2020-01-14 00:00:00,,19107,Pennsylvania,1-Philadelphia City (20 mi.),,25.00
2417881,2020-01-28 00:00:00,,19130,Pennsylvania,1-Philadelphia City (20 mi.),,25.00
2417608,2020-01-15 00:00:00,,19147,Pennsylvania,1-Philadelphia City (20 mi.),,25.00
2415642,2020-01-30 00:00:00,,11590,New York,5-NEC (140 mi. from Philly),,20.00
2418036,2020-01-31 00:00:00,,19103,Pennsylvania,1-Philadelphia City (20 mi.),,18.00
2419161,2020-06-27 00:00:00,2020-06-29 00:00:00,01915,Massachusetts,7-USA Balance,4,0.00
2419190,2020-07-13 00:00:00,2020-07-14 00:00:00,02364,Massachusetts,7-USA Balance,1,0.00
2419086,2020-05-30 00:00:00,2020-05-30 00:00:00,02446,Massachusetts,7-USA Balance,5,0.00
2419095,2020-06-01 00:00:00,,06339,Connecticut,6-NEC (210 mi. from Philly),,0.00
2419089,2020-05-30 00:00:00,2020-05-31 00:00:00,06902,Connecticut,5-NEC (140 mi. from Philly),5,0.00
2310080,2020-05-11 00:00:00,2020-05-11 00:00:00,07042,New Jersey,3-New York City (20 mi.),1,0.00
2419070,2020-05-24 00:00:00,2020-05-26 00:00:00,07042,New Jersey,3-New York City (20 mi.),1,0.00
2416154,2020-03-26 00:00:00,,08003,New Jersey,1-Philadelphia City (20 mi.),,0.00
2417740,2020-01-22 00:00:00,2020-01-22 00:00:00,08043,New Jersey,1-Philadelphia City (20 mi.),,0.00
2418262,2020-02-14 00:00:00,2020-02-18 00:00:00,08051,New Jersey,1-Philadelphia City (20 mi.),,0.00
2418318,2020-02-19 00:00:00,,08055,New Jersey,1-Philadelphia City (20 mi.),,0.00
2418143,2020-02-05 00:00:00,,08057,New Jersey,1-Philadelphia City (20 mi.),,0.00
2419148,2020-06-20 00:00:00,,08057,New Jersey,1-Philadelphia City (20 mi.),,0.00
2419085,2020-05-29 00:00:00,2020-05-29 00:00:00,08108,New Jersey,1-Philadelphia City (20 mi.),1,0.00
2418932,2020-05-04 00:00:00,2020-05-05 00:00:00,08540,New Jersey,2-Greater Philadelphia(70 mi.),1,0.00
2383635,2020-01-31 00:00:00,,10001,New York,3-New York City (20 mi.),,0.00
2418917,2020-05-01 00:00:00,2020-05-01 00:00:00,10003,New York,3-New York City (20 mi.),5,0.00
2374498,2020-06-04 00:00:00,2020-06-05 00:00:00,10003,New York,3-New York City (20 mi.),6,0.00
2419010,2020-05-14 00:00:00,2020-05-14 00:00:00,10005,New York,3-New York City (20 mi.),6,0.00
2418965,2020-05-07 00:00:00,2020-05-08 00:00:00,10011,New York,3-New York City (20 mi.),,0.00
2418495,2020-02-28 00:00:00,,10024,New York,3-New York City (20 mi.),,0.00
2419309,2020-08-28 00:00:00,2020-08-31 00:00:00,10024,New York,3-New York City (20 mi.),,0.00
2419181,2020-07-09 00:00:00,2020-07-10 00:00:00,10027,New York,3-New York City (20 mi.),4,0.00
2417753,2020-01-22 00:00:00,,11413,New York,3-New York City (20 mi.),,0.00
2417912,2020-01-28 00:00:00,,13210,New York,7-USA Balance,,0.00
2047273,2020-05-15 00:00:00,2020-05-18 00:00:00,170221380,Pennsylvania,5-NEC (140 mi. from Philly),3,0.00
2418974,2020-05-10 00:00:00,2020-05-10 00:00:00,18901,Pennsylvania,2-Greater Philadelphia(70 mi.),1,0.00
2419023,2020-05-15 00:00:00,2020-05-18 00:00:00,18940,Pennsylvania,2-Greater Philadelphia(70 mi.),1,0.00
2417916,2020-01-28 00:00:00,,190031810,Pennsylvania,1-Philadelphia City (20 mi.),,0.00
2417802,2020-01-24 00:00:00,,19004,Pennsylvania,1-Philadelphia City (20 mi.),,0.00
23553,2020-08-21 00:00:00,,190041332,Pennsylvania,1-Philadelphia City (20 mi.),,0.00
2419294,2020-08-20 00:00:00,,19038,Pennsylvania,1-Philadelphia City (20 mi.),,0.00
479911,2020-05-06 00:00:00,2020-05-06 00:00:00,190388319,Pennsylvania,1-Philadelphia City (20 mi.),,0.00
2417902,2020-01-28 00:00:00,,19041,Pennsylvania,1-Philadelphia City (20 mi.),,0.00
2418824,2020-03-30 00:00:00,,19083,Pennsylvania,1-Philadelphia City (20 mi.),,0.00
2418969,2020-05-08 00:00:00,2020-05-11 00:00:00,19087,Pennsylvania,1-Philadelphia City (20 mi.),1,0.00
2371543,2020-03-04 00:00:00,,19087,Pennsylvania,1-Philadelphia City (20 mi.),3,0.00
2401600,2020-02-21 00:00:00,,19102,Pennsylvania,1-Philadelphia City (20 mi.),,0.00
2404458,2020-01-28 00:00:00,,19102,Pennsylvania,1-Philadelphia City (20 mi.),,0.00
2408894,2020-01-24 00:00:00,,19102,Pennsylvania,1-Philadelphia City (20 mi.),,0.00
2409617,2020-01-29 00:00:00,,19102,Pennsylvania,1-Philadelphia City (20 mi.),,0.00
2417756,2020-01-22 00:00:00,,19102,Pennsylvania,1-Philadelphia City (20 mi.),,0.00
2417774,2020-01-23 00:00:00,,19102,Pennsylvania,1-Philadelphia City (20 mi.),,0.00
2417783,2020-01-23 00:00:00,,19102,Pennsylvania,1-Philadelphia City (20 mi.),,0.00
2417799,2020-01-24 00:00:00,,19102,Pennsylvania,1-Philadelphia City (20 mi.),,0.00
2417897,2020-01-28 00:00:00,,19102,Pennsylvania,1-Philadelphia City (20 mi.),,0.00
2417899,2020-01-28 00:00:00,,19102,Pennsylvania,1-Philadelphia City (20 mi.),,0.00
2417903,2020-01-28 00:00:00,,19102,Pennsylvania,1-Philadelphia City (20 mi.),,0.00
2417905,2020-01-28 00:00:00,,19102,Pennsylvania,1-Philadelphia City (20 mi.),,0.00
2417913,2020-01-28 00:00:00,,19102,Pennsylvania,1-Philadelphia City (20 mi.),,0.00
2418745,2020-03-13 00:00:00,,19102,Pennsylvania,1-Philadelphia City (20 mi.),,0.00
2419005,2020-05-13 00:00:00,2020-05-14 00:00:00,19103,Pennsylvania,1-Philadelphia City (20 mi.),1,0.00
728263,2020-08-28 00:00:00,2013-04-30 00:00:00,19103,Pennsylvania,1-Philadelphia City (20 mi.),2,0.00
2418903,2020-04-29 00:00:00,2020-04-30 00:00:00,19103,Pennsylvania,1-Philadelphia City (20 mi.),4,0.00
2419166,2020-06-29 00:00:00,2020-06-30 00:00:00,19106,Pennsylvania,1-Philadelphia City (20 mi.),1,0.00
2417797,2020-01-24 00:00:00,,19107,Pennsylvania,1-Philadelphia City (20 mi.),,0.00
2380579,2020-01-29 00:00:00,,19118,Pennsylvania,1-Philadelphia City (20 mi.),5,0.00
2418938,2020-05-05 00:00:00,2020-05-05 00:00:00,191183506,Pennsylvania,1-Philadelphia City (20 mi.),3,0.00
2419004,2020-05-13 00:00:00,2020-05-14 00:00:00,19119,Pennsylvania,1-Philadelphia City (20 mi.),1,0.00
2417415,2020-01-02 00:00:00,,19122,Pennsylvania,1-Philadelphia City (20 mi.),,0.00
2417755,2020-01-30 00:00:00,,19122,Pennsylvania,1-Philadelphia City (20 mi.),2,0.00
2417974,2020-01-30 00:00:00,,19123,Pennsylvania,1-Philadelphia City (20 mi.),,0.00
2418859,2020-04-15 00:00:00,2020-04-15 00:00:00,19123,Pennsylvania,1-Philadelphia City (20 mi.),,0.00
2396877,2020-01-31 00:00:00,,19124,Pennsylvania,1-Philadelphia City (20 mi.),,0.00
2417906,2020-01-28 00:00:00,,19131,Pennsylvania,1-Philadelphia City (20 mi.),,0.00
2418071,2020-01-31 00:00:00,,19139,Pennsylvania,1-Philadelphia City (20 mi.),,0.00
45045,2020-03-13 00:00:00,,191431863,Pennsylvania,1-Philadelphia City (20 mi.),,0.00
2417904,2020-01-28 00:00:00,,19146,Pennsylvania,1-Philadelphia City (20 mi.),,0.00
2419173,2020-07-06 00:00:00,2020-07-07 00:00:00,19146,Pennsylvania,1-Philadelphia City (20 mi.),2,0.00
2417771,2020-01-23 00:00:00,,19147,Pennsylvania,1-Philadelphia City (20 mi.),,0.00
2418697,2020-03-10 00:00:00,,19147,Pennsylvania,1-Philadelphia City (20 mi.),,0.00
2419078,2020-05-27 00:00:00,2020-05-27 00:00:00,19301,Pennsylvania,1-Philadelphia City (20 mi.),1,0.00
2419080,2020-05-27 00:00:00,2020-05-27 00:00:00,19806,Delaware,2-Greater Philadelphia(70 mi.),2,0.00
2413443,2020-04-26 00:00:00,2020-04-27 00:00:00,19810,Delaware,2-Greater Philadelphia(70 mi.),4,0.00
2417914,2020-01-28 00:00:00,,19810,Delaware,2-Greater Philadelphia(70 mi.),U,0.00
2418921,2020-05-01 00:00:00,2020-05-05 00:00:00,20001,D.C.,4-DC (20 mi.),1,0.00
2417789,2020-01-23 00:00:00,,20011,D.C.,4-DC (20 mi.),,0.00
2418816,2020-03-27 00:00:00,2020-03-27 00:00:00,207232017,Maryland,4-DC (20 mi.),4,0.00
2419025,2020-05-15 00:00:00,2020-05-15 00:00:00,20817,Maryland,4-DC (20 mi.),6,0.00
2419149,2020-06-20 00:00:00,2020-06-22 00:00:00,20904,Maryland,4-DC (20 mi.),1,0.00
2419164,2020-06-28 00:00:00,2020-06-29 00:00:00,21211,Maryland,5-NEC (140 mi. from Philly),,0.00
2419182,2020-07-10 00:00:00,2020-07-10 00:00:00,2193205,,8-Foreign,1,0.00
2419170,2020-07-05 00:00:00,2020-07-07 00:00:00,27455,North Carolina,7-USA Balance,3,0.00
2417654,2020-01-17 00:00:00,,27951,North Carolina,7-USA Balance,,0.00
2419030,2020-05-17 00:00:00,2020-05-18 00:00:00,32937,Florida,7-USA Balance,,0.00
2419130,2020-06-14 00:00:00,2020-06-14 00:00:00,33428,Florida,7-USA Balance,5,0.00
2417259,2020-04-28 00:00:00,2020-04-28 00:00:00,33708,Florida,7-USA Balance,4,0.00
2419171,2020-07-05 00:00:00,2020-07-07 00:00:00,34688,Florida,7-USA Balance,1,0.00
2419108,2020-06-05 00:00:00,2020-06-09 00:00:00,37909,Tennessee,7-USA Balance,5,0.00
2418980,2020-05-10 00:00:00,2020-05-11 00:00:00,42101,Kentucky,7-USA Balance,4,0.00
2398278,2020-05-04 00:00:00,2020-05-05 00:00:00,44121,Ohio,7-USA Balance,4,0.00
2419179,2020-07-08 00:00:00,2020-07-08 00:00:00,45202,Ohio,7-USA Balance,5,0.00
2419073,2020-05-25 00:00:00,2020-05-26 00:00:00,45237,Ohio,7-USA Balance,5,0.00
2418986,2020-05-10 00:00:00,2020-05-11 00:00:00,46617,Indiana,7-USA Balance,1,0.00
2419311,2020-08-30 00:00:00,2020-08-31 00:00:00,53212,Wisconsin,7-USA Balance,,0.00
2419188,2020-07-13 00:00:00,2020-07-14 00:00:00,55407,Minnesota,7-USA Balance,1,0.00
2419310,2020-08-29 00:00:00,2020-08-31 00:00:00,60602,Illinois,7-USA Balance,,0.00
2419066,2020-05-23 00:00:00,2020-05-26 00:00:00,63139,Missouri,7-USA Balance,1,0.00
2419245,2020-07-27 00:00:00,2020-07-27 00:00:00,80206,Colorado,7-USA Balance,3,0.00
2419312,2020-08-30 00:00:00,2020-08-31 00:00:00,80218,Colorado,7-USA Balance,,0.00
2417446,2020-01-04 00:00:00,,81224,Colorado,7-USA Balance,,0.00
2419012,2020-05-14 00:00:00,2020-05-15 00:00:00,81635,Colorado,7-USA Balance,3,0.00
2419104,2020-06-02 00:00:00,2020-06-05 00:00:00,87110,New Mexico,7-USA Balance,4,0.00
2419142,2020-06-17 00:00:00,2020-06-18 00:00:00,87501,New Mexico,7-USA Balance,1,0.00
2419167,2020-07-02 00:00:00,2020-07-02 00:00:00,89141,Nevada,7-USA Balance,4,0.00
2419152,2020-06-23 00:00:00,2020-06-25 00:00:00,90272,California,7-USA Balance,6,0.00
2419271,2020-08-24 00:00:00,2020-08-14 00:00:00,90277,California,7-USA Balance,5,0.00
2418982,2020-05-10 00:00:00,2020-05-11 00:00:00,94112,California,7-USA Balance,4,0.00
2418983,2020-05-10 00:00:00,2020-05-11 00:00:00,94117,California,7-USA Balance,6,0.00
2419031,2020-05-17 00:00:00,2020-05-18 00:00:00,94610,California,7-USA Balance,5,0.00
2418998,2020-05-12 00:00:00,2020-05-13 00:00:00,94611,California,7-USA Balance,5,0.00
2419006,2020-05-13 00:00:00,2020-05-14 00:00:00,94708,California,7-USA Balance,4,0.00
2419113,2020-06-08 00:00:00,2020-06-09 00:00:00,95501,California,7-USA Balance,3,0.00
2418988,2020-05-10 00:00:00,2020-05-11 00:00:00,956046210,California,7-USA Balance,1,0.00
2419313,2020-08-31 00:00:00,,95617,California,7-USA Balance,,0.00
2418710,2020-03-11 00:00:00,,998011158,Alaska,7-USA Balance,,0.00
2418954,2020-05-06 00:00:00,2020-05-06 00:00:00,L7P 5C2,Ontario,8-Foreign,1,0.00
2418578,2020-03-03 00:00:00,,V6K4V7,British Columbia,8-Foreign,,0.00
